{"training_time": "2025-04-27 22:09:13", "model_version": "v1.0", "num_samples": 10000, "num_features": 46, "train_accuracy": 0.9995, "validation_accuracy": 0.999, "auc_score": 1.0, "pr_auc": 1.0, "cv_scores": [0.9999921874999999, 0.9999578125, 0.9999125000000001, 0.9999984375, 1.0], "mean_cv_score": 0.9999721874999998, "top_features": ["special_char_ratio", "avg_param_length", "subdomain_count", "domain_similarity", "param_count", "domain_length", "has_xxe", "suspicious_keyword_count", "unusual_port", "percent_encoded_chars"], "top_importance": [0.24525000000000002, 0.005349999999999966, 0.003299999999999981, 0.0026499999999999857, 0.0009999999999999675, 0.0006999999999999784, 0.00039999999999997817, 0.00014999999999996128, 0.0, 0.0], "pos_class_ratio": 0.5}